df_between,df_within,F,p_value,eta_squared,n
6,12101,17.62915320026878,1.9311678868386533e-20,0.00866526333955955,12108
